"Property","contrast","estimate","SE","df","t.ratio","p.value"
"pH","Control Pre - Fill Sand Pre",0.0166666666666876,0.0916763786618909,38.9743589743587,0.181798920397537,0.999999593387958
"pH","Control Pre - Preemergent Pre",0.0666666666666883,0.0916763786618909,38.9743589743587,0.727195681589473,0.995590670483683
"pH","Control Pre - Soil Inversion Pre",2.12912614700355e-14,0.0916763786618909,38.9743589743587,2.32243700948957e-13,1
"pH","Control Pre - Control Post",-0.0333333333333113,0.0916763786618909,20,-0.363597840794378,0.99994333141527
"pH","Control Pre - Fill Sand Post",0.133333333333355,0.0916763786618909,38.9743589743587,1.45439136317871,0.825954338247879
"pH","Control Pre - Preemergent Post",-0.016666666666645,0.0916763786618909,38.9743589743587,-0.181798920397073,0.999999593387958
"pH","Control Pre - Soil Inversion Post",-0.0666666666666452,0.0916763786618909,38.9743589743587,-0.727195681589002,0.995590670483701
"pH","Fill Sand Pre - Preemergent Pre",0.0500000000000007,0.0916763786618908,38.974358974359,0.545396761191935,0.99928852850565
"pH","Fill Sand Pre - Soil Inversion Pre",-0.0166666666666663,0.0916763786618908,38.974358974359,-0.181798920397305,0.999999593387958
"pH","Fill Sand Pre - Control Post",-0.0499999999999989,0.0916763786618909,38.9743589743589,-0.545396761191915,0.99928852850565
"pH","Fill Sand Pre - Fill Sand Post",0.116666666666667,0.0916763786618909,20,1.27259244278117,0.898565974115386
"pH","Fill Sand Pre - Preemergent Post",-0.0333333333333326,0.0916763786618908,38.974358974359,-0.363597840794611,0.999952168807523
"pH","Fill Sand Pre - Soil Inversion Post",-0.0833333333333327,0.0916763786618908,38.974358974359,-0.908994601986539,0.983403981718095
"pH","Preemergent Pre - Soil Inversion Pre",-0.066666666666667,0.0916763786618908,38.974358974359,-0.727195681589241,0.995590670483692
"pH","Preemergent Pre - Control Post",-0.0999999999999996,0.0916763786618909,38.9743589743589,-1.09079352238385,0.954993820990118
"pH","Preemergent Pre - Fill Sand Post",0.0666666666666664,0.0916763786618909,38.9743589743589,0.727195681589234,0.995590670483692
"pH","Preemergent Pre - Preemergent Post",-0.0833333333333333,0.0916763786618909,20,-0.908994601986546,0.981626980109758
"pH","Preemergent Pre - Soil Inversion Post",-0.133333333333333,0.0916763786618908,38.974358974359,-1.45439136317848,0.825954338247993
"pH","Soil Inversion Pre - Control Post",-0.0333333333333326,0.0916763786618909,38.974358974359,-0.36359784079461,0.999952168807523
"pH","Soil Inversion Pre - Fill Sand Post",0.133333333333333,0.0916763786618909,38.9743589743589,1.45439136317847,0.825954338247993
"pH","Soil Inversion Pre - Preemergent Post",-0.0166666666666663,0.0916763786618909,38.974358974359,-0.181798920397305,0.999999593387958
"pH","Soil Inversion Pre - Soil Inversion Post",-0.0666666666666665,0.0916763786618909,20,-0.727195681589234,0.994989213637544
"pH","Control Post - Fill Sand Post",0.166666666666666,0.0916763786618909,38.974358974359,1.81798920397308,0.612195610033193
"pH","Control Post - Preemergent Post",0.0166666666666663,0.0916763786618909,38.974358974359,0.181798920397305,0.999999593387958
"pH","Control Post - Soil Inversion Post",-0.0333333333333338,0.0916763786618909,38.974358974359,-0.363597840794624,0.999952168807523
"pH","Fill Sand Post - Preemergent Post",-0.15,0.0916763786618909,38.9743589743589,-1.63619028357578,0.726068604686511
"pH","Fill Sand Post - Soil Inversion Post",-0.2,0.0916763786618909,38.974358974359,-2.18158704476771,0.384406744550422
"pH","Preemergent Post - Soil Inversion Post",-0.0500000000000001,0.0916763786618908,38.974358974359,-0.545396761191929,0.99928852850565
"P","Control Pre - Fill Sand Pre",3.83333333333331,15.5578668725119,38.855084320448,0.246391961362401,0.999996662559698
"P","Control Pre - Preemergent Pre",-11.5,15.5578668725119,38.855084320448,-0.739175884087207,0.995123918964874
"P","Control Pre - Soil Inversion Pre",2.33333333333331,15.5578668725119,38.8550843204479,0.149977715611895,0.999999893235515
"P","Control Pre - Control Post",-5,15.2799344932097,20.0000000000005,-0.327226533740833,0.999972237262942
"P","Control Pre - Fill Sand Post",-14.6666666666667,15.5578668725119,38.8550843204479,-0.942717069560495,0.979594088456421
"P","Control Pre - Preemergent Post",-2.66666666666669,15.5578668725119,38.855084320448,-0.171403103556455,0.999999729725541
"P","Control Pre - Soil Inversion Post",-4.83333333333336,15.5578668725119,38.8550843204479,-0.310668125196074,0.999983599879716
"P","Fill Sand Pre - Preemergent Pre",-15.3333333333333,15.5578668725119,38.8550843204481,-0.985567845449608,0.973869679315323
"P","Fill Sand Pre - Soil Inversion Pre",-1.50000000000001,15.5578668725119,38.8550843204481,-0.0964142457505056,0.999999995100515
"P","Fill Sand Pre - Control Post",-8.83333333333331,15.5578668725119,38.8550843204484,-0.567772780530751,0.999076071556721
"P","Fill Sand Pre - Fill Sand Post",-18.5,15.2799344932097,20,-1.21073817484108,0.919339565782627
"P","Fill Sand Pre - Preemergent Post",-6.50000000000001,15.5578668725119,38.855084320448,-0.417795064918856,0.99987787309304
"P","Fill Sand Pre - Soil Inversion Post",-8.66666666666667,15.5578668725119,38.8550843204481,-0.557060086558474,0.999183286064891
"P","Preemergent Pre - Soil Inversion Pre",13.8333333333333,15.5578668725119,38.8550843204481,0.889153599699102,0.98537117446365
"P","Preemergent Pre - Control Post",6.50000000000002,15.5578668725119,38.8550843204483,0.417795064918857,0.99987787309304
"P","Preemergent Pre - Fill Sand Post",-3.16666666666666,15.5578668725119,38.855084320448,-0.203541185473288,0.999999109250031
"P","Preemergent Pre - Preemergent Post",8.83333333333333,15.2799344932097,20,0.578100209608806,0.998797955079495
"P","Preemergent Pre - Soil Inversion Post",6.66666666666666,15.5578668725119,38.855084320448,0.428507758891133,0.999855302319689
"P","Soil Inversion Pre - Control Post",-7.33333333333331,15.5578668725119,38.8550843204484,-0.471358534780245,0.999727014342104
"P","Soil Inversion Pre - Fill Sand Post",-17,15.5578668725119,38.855084320448,-1.09269478517239,0.954571878161017
"P","Soil Inversion Pre - Preemergent Post",-5,15.5578668725119,38.855084320448,-0.32138081916835,0.999979326735111
"P","Soil Inversion Pre - Soil Inversion Post",-7.16666666666667,15.2799344932097,20,-0.469024698361861,0.999690316871787
"P","Control Post - Fill Sand Post",-9.66666666666668,15.5578668725119,38.8550843204484,-0.621336250392145,0.998352341383478
"P","Control Post - Preemergent Post",2.33333333333331,15.5578668725119,38.8550843204484,0.149977715611895,0.999999893235515
"P","Control Post - Soil Inversion Post",0.166666666666639,15.5578668725119,38.8550843204484,0.0107126939722766,1
"P","Fill Sand Post - Preemergent Post",12,15.5578668725119,38.8550843204481,0.77131396600404,0.993683480946942
"P","Fill Sand Post - Soil Inversion Post",9.83333333333332,15.5578668725119,38.8550843204481,0.632048944364421,0.99816328098587
"P","Preemergent Post - Soil Inversion Post",-2.16666666666667,15.5578668725119,38.855084320448,-0.139265021639619,0.999999936278036
"K","Control Pre - Fill Sand Pre",-0.166666666666649,2.26832518508682,38.9743589743589,-0.0734756496830368,0.999999999266602
"K","Control Pre - Preemergent Pre",-0.499999999999982,2.26832518508682,38.974358974359,-0.220426949049126,0.999998454325599
"K","Control Pre - Soil Inversion Pre",0.333333333333351,2.26832518508682,38.974358974359,0.146951299366097,0.999999907419237
"K","Control Pre - Control Post",-2.33333333333331,2.26832518508682,19.9999999999999,-1.02865909556262,0.964133234394124
"K","Control Pre - Fill Sand Post",-1.83333333333332,2.26832518508682,38.974358974359,-0.808232146513484,0.991640714823819
"K","Control Pre - Preemergent Post",-1.66666666666665,2.26832518508682,38.974358974359,-0.734756496830439,0.995301736905863
"K","Control Pre - Soil Inversion Post",-0.166666666666649,2.26832518508682,38.974358974359,-0.0734756496830368,0.999999999266602
"K","Fill Sand Pre - Preemergent Pre",-0.333333333333333,2.26832518508682,38.9743589743591,-0.146951299366089,0.999999907419237
"K","Fill Sand Pre - Soil Inversion Pre",0.5,2.26832518508682,38.974358974359,0.220426949049134,0.999998454325599
"K","Fill Sand Pre - Control Post",-2.16666666666667,2.26832518508682,38.9743589743591,-0.955183445879581,0.978042621710124
"K","Fill Sand Pre - Fill Sand Post",-1.66666666666667,2.26832518508682,20,-0.734756496830447,0.994666442404202
"K","Fill Sand Pre - Preemergent Post",-1.5,2.26832518508682,38.974358974359,-0.661280847147403,0.997557514057103
"K","Fill Sand Pre - Soil Inversion Post",-2.77555756156289e-17,2.26832518508682,38.9743589743591,-1.22361537041113e-17,1
"K","Preemergent Pre - Soil Inversion Pre",0.833333333333333,2.26832518508682,38.974358974359,0.367378248415224,0.999948697316503
"K","Preemergent Pre - Control Post",-1.83333333333333,2.26832518508682,38.974358974359,-0.808232146513492,0.991640714823819
"K","Preemergent Pre - Fill Sand Post",-1.33333333333333,2.26832518508682,38.9743589743589,-0.587805197464358,0.998845177548586
"K","Preemergent Pre - Preemergent Post",-1.16666666666667,2.26832518508682,20,-0.514329547781313,0.999433839379347
"K","Preemergent Pre - Soil Inversion Post",0.333333333333333,2.26832518508682,38.974358974359,0.146951299366089,0.999999907419237
"K","Soil Inversion Pre - Control Post",-2.66666666666667,2.26832518508682,38.974358974359,-1.17561039492872,0.934101225768831
"K","Soil Inversion Pre - Fill Sand Post",-2.16666666666667,2.26832518508682,38.9743589743589,-0.955183445879581,0.978042621710124
"K","Soil Inversion Pre - Preemergent Post",-2,2.26832518508682,38.974358974359,-0.881707796196537,0.986068823113745
"K","Soil Inversion Pre - Soil Inversion Post",-0.5,2.26832518508682,20,-0.220426949049134,0.999998150489829
"K","Control Post - Fill Sand Post",0.5,2.26832518508682,38.9743589743591,0.220426949049134,0.999998454325599
"K","Control Post - Preemergent Post",0.666666666666666,2.26832518508682,38.974358974359,0.293902598732179,0.999988787961243
"K","Control Post - Soil Inversion Post",2.16666666666667,2.26832518508682,38.9743589743591,0.955183445879581,0.978042621710124
"K","Fill Sand Post - Preemergent Post",0.166666666666667,2.26832518508682,38.974358974359,0.0734756496830447,0.999999999266602
"K","Fill Sand Post - Soil Inversion Post",1.66666666666667,2.26832518508682,38.974358974359,0.734756496830447,0.995301736905863
"K","Preemergent Post - Soil Inversion Post",1.5,2.26832518508682,38.974358974359,0.661280847147403,0.997557514057103
"Ca","Control Pre - Fill Sand Pre",64.1666666666672,56.838447645213,35.8751364456225,1.12893066797315,0.94590234633575
"Ca","Control Pre - Preemergent Pre",5.50000000000044,56.838447645213,35.8751364456226,0.0967654858262769,0.999999994889311
"Ca","Control Pre - Soil Inversion Pre",24.5000000000005,56.838447645213,35.8751364456226,0.431046255044298,0.99984720100551
"Ca","Control Pre - Control Post",-4,48.5828903875686,19.9999999999995,-0.0823335122321895,0.99999999804553
"Ca","Control Pre - Fill Sand Post",77.5000000000005,56.838447645213,35.8751364456226,1.36351366391562,0.867348964229744
"Ca","Control Pre - Preemergent Post",-53.3333333333329,56.838447645213,35.8751364456226,-0.938331983769874,0.9799416075062
"Ca","Control Pre - Soil Inversion Post",-19.9999999999995,56.838447645213,35.8751364456225,-0.351874493913698,0.999961078706949
"Ca","Fill Sand Pre - Preemergent Pre",-58.6666666666667,56.8384476452131,35.875136445623,-1.03216518214687,0.966139119712087
"Ca","Fill Sand Pre - Soil Inversion Pre",-39.6666666666667,56.8384476452131,35.875136445623,-0.69788441292885,0.996536763220151
"Ca","Fill Sand Pre - Control Post",-68.1666666666672,56.8384476452131,35.8751364456231,-1.19930556675589,0.926865600830436
"Ca","Fill Sand Pre - Fill Sand Post",13.3333333333333,48.5828903875686,20,0.274445040773965,0.999991642402698
"Ca","Fill Sand Pre - Preemergent Post",-117.5,56.8384476452131,35.875136445623,-2.06726265174302,0.45404657821103
"Ca","Fill Sand Pre - Soil Inversion Post",-84.1666666666667,56.8384476452131,35.875136445623,-1.48080516188684,0.812266300373784
"Ca","Preemergent Pre - Soil Inversion Pre",19,56.8384476452131,35.875136445623,0.334280769218021,0.999972536498779
"Ca","Preemergent Pre - Control Post",-9.50000000000045,56.8384476452131,35.8751364456231,-0.167140384609018,0.999999769328625
"Ca","Preemergent Pre - Fill Sand Post",72,56.8384476452131,35.875136445623,1.26674817808934,0.904997521089617
"Ca","Preemergent Pre - Preemergent Post",-58.8333333333333,48.5828903875686,20,-1.21098874241512,0.919261211271504
"Ca","Preemergent Pre - Soil Inversion Post",-25.5,56.8384476452131,35.875136445623,-0.448639979739974,0.99980046528024
"Ca","Soil Inversion Pre - Control Post",-28.5000000000005,56.8384476452131,35.8751364456231,-0.501421153827039,0.999583428466833
"Ca","Soil Inversion Pre - Fill Sand Post",53,56.8384476452131,35.875136445623,0.93246740887132,0.980636783687906
"Ca","Soil Inversion Pre - Preemergent Post",-77.8333333333334,56.8384476452131,35.875136445623,-1.36937823881417,0.864833584455108
"Ca","Soil Inversion Pre - Soil Inversion Post",-44.5,48.5828903875687,20,-0.915960323583107,0.980829826558804
"Ca","Control Post - Fill Sand Post",81.5000000000005,56.8384476452131,35.8751364456231,1.43388856269836,0.835474749398131
"Ca","Control Post - Preemergent Post",-49.3333333333329,56.8384476452131,35.8751364456231,-0.867957084987132,0.987149214336048
"Ca","Control Post - Soil Inversion Post",-15.9999999999995,56.8384476452131,35.8751364456231,-0.281499595130956,0.99999151839303
"Ca","Fill Sand Post - Preemergent Post",-130.833333333333,56.8384476452131,35.875136445623,-2.30184564768549,0.320450133850257
"Ca","Fill Sand Post - Soil Inversion Post",-97.5,56.8384476452131,35.875136445623,-1.71538815782932,0.677612097975476
"Ca","Preemergent Post - Soil Inversion Post",33.3333333333333,56.8384476452131,35.875136445623,0.586457489856176,0.998846122501872
"Mg","Control Pre - Fill Sand Pre",-8.33333333333342,9.3744980308831,38.3348645443838,-0.888936485546246,0.985368427748484
"Mg","Control Pre - Preemergent Pre",2.16666666666659,9.37449803088309,38.3348645443838,0.231123486242013,0.999997848182151
"Mg","Control Pre - Soil Inversion Pre",1.49999999999992,9.3744980308831,38.3348645443838,0.160008567398314,0.999999832016184
"Mg","Control Pre - Control Post",2.83333333333328,8.86354899512053,20.0000000000005,0.319661270546714,0.999976318523561
"Mg","Control Pre - Fill Sand Post",1.66666666666658,9.37449803088309,38.3348645443838,0.177787297109238,0.999999650595513
"Mg","Control Pre - Preemergent Post",-4.50000000000008,9.3744980308831,38.3348645443838,-0.480025702194976,0.999691279551149
"Mg","Control Pre - Soil Inversion Post",-1.16666666666676,9.3744980308831,38.3348645443838,-0.124451107976483,0.9999999708234
"Mg","Fill Sand Pre - Preemergent Pre",10.5,9.37449803088309,38.3348645443832,1.12005997178826,0.948321396233522
"Mg","Fill Sand Pre - Soil Inversion Pre",9.83333333333335,9.37449803088309,38.3348645443832,1.04894505294456,0.96332633331505
"Mg","Fill Sand Pre - Control Post",11.1666666666667,9.37449803088309,38.3348645443833,1.19117489063196,0.929593110895512
"Mg","Fill Sand Pre - Fill Sand Post",10,8.86354899512052,20,1.12821624898842,0.942596779697575
"Mg","Fill Sand Pre - Preemergent Post",3.83333333333335,9.37449803088309,38.3348645443831,0.40891078335127,0.999894016724413
"Mg","Fill Sand Pre - Soil Inversion Post",7.16666666666666,9.37449803088309,38.3348645443832,0.764485377569763,0.994003317523853
"Mg","Preemergent Pre - Soil Inversion Pre",-0.666666666666667,9.37449803088309,38.3348645443832,-0.0711149188436989,0.999999999414329
"Mg","Preemergent Pre - Control Post",0.666666666666688,9.37449803088309,38.3348645443833,0.0711149188437013,0.999999999414329
"Mg","Preemergent Pre - Fill Sand Post",-0.500000000000012,9.37449803088309,38.3348645443832,-0.0533361891327755,0.999999999921686
"Mg","Preemergent Pre - Preemergent Post",-6.66666666666667,8.86354899512052,20,-0.752144165992283,0.993862198235322
"Mg","Preemergent Pre - Soil Inversion Post",-3.33333333333335,9.37449803088309,38.3348645443831,-0.355574594218497,0.999958756195054
"Mg","Soil Inversion Pre - Control Post",1.33333333333335,9.37449803088309,38.3348645443833,0.1422298376874,0.999999926004278
"Mg","Soil Inversion Pre - Fill Sand Post",0.166666666666654,9.37449803088309,38.3348645443833,0.0177787297109234,1
"Mg","Soil Inversion Pre - Preemergent Post",-6,9.37449803088309,38.3348645443833,-0.64003426959329,0.998007013226462
"Mg","Soil Inversion Pre - Soil Inversion Post",-2.66666666666668,8.86354899512052,20,-0.300857666396915,0.999984331959209
"Mg","Control Post - Fill Sand Post",-1.1666666666667,9.37449803088309,38.3348645443833,-0.124451107976477,0.9999999708234
"Mg","Control Post - Preemergent Post",-7.33333333333335,9.37449803088309,38.3348645443832,-0.782264107280691,0.993110342509268
"Mg","Control Post - Soil Inversion Post",-4.00000000000004,9.37449803088309,38.3348645443833,-0.426689513062198,0.999859015393989
"Mg","Fill Sand Post - Preemergent Post",-6.16666666666665,9.37449803088309,38.3348645443833,-0.657812999304214,0.997630944322278
"Mg","Fill Sand Post - Soil Inversion Post",-2.83333333333334,9.37449803088309,38.3348645443831,-0.302238405085721,0.999986377349688
"Mg","Preemergent Post - Soil Inversion Post",3.33333333333332,9.37449803088309,38.3348645443831,0.355574594218493,0.999958756195054
"S","Control Pre - Fill Sand Pre",-0.366666666666663,0.473390624703269,38.6554494246826,-0.774554136758617,0.993516946829528
"S","Control Pre - Preemergent Pre",-0.716666666666664,0.473390624703269,38.6554494246826,-1.51390126730094,0.795361636778203
"S","Control Pre - Soil Inversion Pre",0.300000000000003,0.473390624703269,38.6554494246825,0.633726111893427,0.998130643223064
"S","Control Pre - Control Post",0.46666666666667,0.456830877599174,20.0000000000003,1.02153048217578,0.965417846795812
"S","Control Pre - Fill Sand Post",0.0666666666666692,0.473390624703269,38.6554494246825,0.14082802486521,0.999999931054239
"S","Control Pre - Preemergent Post",0.166666666666669,0.473390624703269,38.6554494246827,0.352070062163015,0.999961498755787
"S","Control Pre - Soil Inversion Post",0.483333333333337,0.473390624703269,38.6554494246825,1.02100318027274,0.968299157062258
"S","Fill Sand Pre - Preemergent Pre",-0.350000000000001,0.473390624703269,38.655449424683,-0.739347130542327,0.995113449380749
"S","Fill Sand Pre - Soil Inversion Pre",0.666666666666666,0.473390624703269,38.655449424683,1.40828024865204,0.847914490449275
"S","Fill Sand Pre - Control Post",0.833333333333333,0.473390624703269,38.6554494246833,1.76035031081505,0.649190487788866
"S","Fill Sand Pre - Fill Sand Post",0.433333333333332,0.456830877599173,20,0.94856401916322,0.976756130018364
"S","Fill Sand Pre - Preemergent Post",0.533333333333332,0.473390624703269,38.655449424683,1.12662419892163,0.94678817117787
"S","Fill Sand Pre - Soil Inversion Post",0.85,0.473390624703269,38.6554494246831,1.79555731703136,0.626672511698616
"S","Preemergent Pre - Soil Inversion Pre",1.01666666666667,0.473390624703269,38.655449424683,2.14762737919437,0.404354121111959
"S","Preemergent Pre - Control Post",1.18333333333333,0.473390624703269,38.6554494246833,2.49969744135738,0.225944342994629
"S","Preemergent Pre - Fill Sand Post",0.783333333333334,0.473390624703269,38.655449424683,1.65472929216615,0.714912652705743
"S","Preemergent Pre - Preemergent Post",0.883333333333333,0.456830877599173,20,1.93361126983272,0.545605665636275
"S","Preemergent Pre - Soil Inversion Post",1.2,0.473390624703269,38.655449424683,2.53490444757368,0.211652995433994
"S","Soil Inversion Pre - Control Post",0.166666666666667,0.47339062470327,38.6554494246833,0.352070062163011,0.999961498755787
"S","Soil Inversion Pre - Fill Sand Post",-0.233333333333334,0.473390624703269,38.655449424683,-0.492898087028216,0.999632871550557
"S","Soil Inversion Pre - Preemergent Post",-0.133333333333334,0.473390624703269,38.655449424683,-0.281656049730411,0.999991613227453
"S","Soil Inversion Pre - Soil Inversion Post",0.183333333333334,0.456830877599173,20,0.401315546569056,0.999890008615723
"S","Control Post - Fill Sand Post",-0.4,0.47339062470327,38.6554494246833,-0.844968149191227,0.989116129739297
"S","Control Post - Preemergent Post",-0.300000000000001,0.473390624703269,38.6554494246833,-0.633726111893422,0.998130643223064
"S","Control Post - Soil Inversion Post",0.0166666666666669,0.47339062470327,38.6554494246833,0.0352070062163017,0.999999999995785
"S","Fill Sand Post - Preemergent Post",0.0999999999999993,0.473390624703269,38.655449424683,0.211242037297805,0.99999884678662
"S","Fill Sand Post - Soil Inversion Post",0.416666666666667,0.473390624703269,38.655449424683,0.880175155407529,0.986194695759967
"S","Preemergent Post - Soil Inversion Post",0.316666666666668,0.473390624703269,38.655449424683,0.668933118109724,0.99737131503948
"Cu","Control Pre - Fill Sand Pre",0.149999999999999,0.207396137361915,35.9275515317057,0.723253585664633,0.995683851987337
"Cu","Control Pre - Preemergent Pre",-0.3,0.207396137361915,35.9275515317058,-1.44650717132927,0.829388958892583
"Cu","Control Pre - Soil Inversion Pre",0.0333333333333327,0.207396137361915,35.9275515317057,0.160723019036582,0.999999824358429
"Cu","Control Pre - Control Post",-0.316666666666669,0.177599737939544,19.9999999999997,-1.78303566401919,0.637427120825014
"Cu","Control Pre - Fill Sand Post",-2.4980018054066e-16,0.207396137361915,35.9275515317057,-1.20445917517137e-15,1
"Cu","Control Pre - Preemergent Post",-0.283333333333333,0.207396137361915,35.9275515317058,-1.36614566181098,0.866231998974408
"Cu","Control Pre - Soil Inversion Post",-0.3,0.207396137361915,35.9275515317059,-1.44650717132927,0.829388958892582
"Cu","Fill Sand Pre - Preemergent Pre",-0.449999999999999,0.207396137361915,35.9275515317056,-2.1697607569939,0.39287313499993
"Cu","Fill Sand Pre - Soil Inversion Pre",-0.116666666666667,0.207396137361915,35.9275515317056,-0.56253056662805,0.999118119314541
"Cu","Fill Sand Pre - Control Post",-0.466666666666668,0.207396137361915,35.9275515317055,-2.25012226651221,0.347835279413846
"Cu","Fill Sand Pre - Fill Sand Post",-0.15,0.177599737939544,20.0000000000001,-0.844595840851185,0.987880054768602
"Cu","Fill Sand Pre - Preemergent Post",-0.433333333333333,0.207396137361915,35.9275515317056,-2.08939924747561,0.440511315342955
"Cu","Fill Sand Pre - Soil Inversion Post",-0.45,0.207396137361915,35.9275515317056,-2.1697607569939,0.392873134999929
"Cu","Preemergent Pre - Soil Inversion Pre",0.333333333333332,0.207396137361915,35.9275515317056,1.60723019036585,0.74296206355792
"Cu","Preemergent Pre - Control Post",-0.0166666666666692,0.207396137361915,35.9275515317056,-0.0803615095183051,0.999999998604501
"Cu","Preemergent Pre - Fill Sand Post",0.299999999999999,0.207396137361915,35.9275515317056,1.44650717132927,0.829388958892584
"Cu","Preemergent Pre - Preemergent Post",0.0166666666666664,0.177599737939545,20,0.0938439823167969,0.999999995125016
"Cu","Preemergent Pre - Soil Inversion Post",-4.96130914129367e-16,0.207396137361915,35.9275515317056,-2.39218975068759e-15,1
"Cu","Soil Inversion Pre - Control Post",-0.350000000000001,0.207396137361915,35.9275515317056,-1.68759169988416,0.694810059185354
"Cu","Soil Inversion Pre - Fill Sand Post",-0.0333333333333329,0.207396137361915,35.9275515317056,-0.160723019036584,0.999999824358429
"Cu","Soil Inversion Pre - Preemergent Post",-0.316666666666666,0.207396137361915,35.9275515317056,-1.52686868084756,0.788086525379825
"Cu","Soil Inversion Pre - Soil Inversion Post",-0.333333333333333,0.177599737939545,20,-1.87687964633597,0.58015754312989
"Cu","Control Post - Fill Sand Post",0.316666666666669,0.207396137361915,35.9275515317056,1.52686868084757,0.788086525379817
"Cu","Control Post - Preemergent Post",0.0333333333333356,0.207396137361915,35.9275515317056,0.160723019036597,0.999999824358429
"Cu","Control Post - Soil Inversion Post",0.0166666666666687,0.207396137361915,35.9275515317056,0.0803615095183027,0.999999998604501
"Cu","Fill Sand Post - Preemergent Post",-0.283333333333333,0.207396137361915,35.9275515317056,-1.36614566181098,0.866231998974409
"Cu","Fill Sand Post - Soil Inversion Post",-0.3,0.207396137361915,35.9275515317056,-1.44650717132927,0.829388958892583
"Cu","Preemergent Post - Soil Inversion Post",-0.0166666666666669,0.207396137361915,35.9275515317056,-0.0803615095182938,0.999999998604501
"Mn","Control Pre - Fill Sand Pre",-1.31666666666666,1.19239396270894,38.5405332959835,-1.10422117843954,0.951996730547517
"Mn","Control Pre - Preemergent Pre",0.23333333333334,1.19239396270894,38.5405332959835,0.195684765799419,0.999999320856013
"Mn","Control Pre - Soil Inversion Pre",1.40000000000001,1.19239396270894,38.5405332959835,1.17410859479649,0.934466217622282
"Mn","Control Pre - Control Post",1.06666666666667,1.14152067289211,20.0000000000002,0.934426061653532,0.978593329704487
"Mn","Control Pre - Fill Sand Post",2.91666666666667,1.19239396270894,38.5405332959835,2.44605957249267,0.249083756383849
"Mn","Control Pre - Preemergent Post",1.10000000000001,1.19239396270894,38.5405332959834,0.922513895911526,0.981926843071645
"Mn","Control Pre - Soil Inversion Post",0.416666666666674,1.19239396270894,38.5405332959835,0.349437081784673,0.99996339163008
"Mn","Fill Sand Pre - Preemergent Pre",1.55,1.19239396270894,38.5405332959831,1.29990594423896,0.893334442191426
"Mn","Fill Sand Pre - Soil Inversion Pre",2.71666666666667,1.19239396270894,38.5405332959831,2.27832977323603,0.33103003144317
"Mn","Fill Sand Pre - Control Post",2.38333333333333,1.19239396270894,38.5405332959831,1.99878010780829,0.495796915391184
"Mn","Fill Sand Pre - Fill Sand Post",4.23333333333333,1.14152067289211,20,3.70850343218746,0.0247652175117481
"Mn","Fill Sand Pre - Preemergent Post",2.41666666666667,1.19239396270894,38.540533295983,2.02673507435107,0.47815398658987
"Mn","Fill Sand Pre - Soil Inversion Post",1.73333333333333,1.19239396270894,38.5405332959831,1.45365826022421,0.826258573776514
"Mn","Preemergent Pre - Soil Inversion Pre",1.16666666666667,1.19239396270894,38.5405332959831,0.978423828997068,0.974876116734129
"Mn","Preemergent Pre - Control Post",0.833333333333328,1.19239396270894,38.5405332959831,0.698874163569329,0.996544250983015
"Mn","Preemergent Pre - Fill Sand Post",2.68333333333333,1.19239396270894,38.540533295983,2.25037480669325,0.346074692779864
"Mn","Preemergent Pre - Preemergent Post",0.866666666666667,1.14152067289211,20,0.759221175093495,0.993508970324593
"Mn","Preemergent Pre - Soil Inversion Post",0.183333333333334,1.19239396270894,38.5405332959831,0.153752315985254,0.999999872861486
"Mn","Soil Inversion Pre - Control Post",-0.33333333333334,1.19239396270894,38.5405332959831,-0.279549665427739,0.999992029880269
"Mn","Soil Inversion Pre - Fill Sand Post",1.51666666666667,1.19239396270894,38.5405332959831,1.27195097769619,0.903561836362512
"Mn","Soil Inversion Pre - Preemergent Post",-0.300000000000001,1.19239396270894,38.5405332959831,-0.251594698884961,0.999996139247503
"Mn","Soil Inversion Pre - Soil Inversion Post",-0.983333333333334,1.14152067289211,20,-0.86142402558685,0.986430913545743
"Mn","Control Post - Fill Sand Post",1.85000000000001,1.19239396270894,38.5405332959831,1.55150064312393,0.774901320424334
"Mn","Control Post - Preemergent Post",0.0333333333333392,1.19239396270894,38.5405332959831,0.0279549665427782,0.999999999999265
"Mn","Control Post - Soil Inversion Post",-0.649999999999994,1.19239396270894,38.5405332959831,-0.545121847584075,0.999289521556123
"Mn","Fill Sand Post - Preemergent Post",-1.81666666666667,1.19239396270894,38.540533295983,-1.52354567658115,0.79018415031993
"Mn","Fill Sand Post - Soil Inversion Post",-2.5,1.19239396270894,38.5405332959831,-2.096622490708,0.434944247354279
"Mn","Preemergent Post - Soil Inversion Post",-0.683333333333333,1.19239396270894,38.5405332959831,-0.573076814126853,0.9990175471867
"Zn","Control Pre - Fill Sand Pre",0.0666666666666645,0.3686043292526,38.7201339004204,0.180862408213819,0.999999607197306
"Zn","Control Pre - Preemergent Pre",0.399999999999998,0.3686043292526,38.7201339004203,1.08517444928294,0.956166612294754
"Zn","Control Pre - Soil Inversion Pre",-0.11666666666667,0.3686043292526,38.7201339004204,-0.316509214374202,0.99998136149047
"Zn","Control Pre - Control Post",-0.316666666666667,0.357499036334686,20,-0.885783273469325,0.984106727267898
"Zn","Control Pre - Fill Sand Post",0.516666666666664,0.3686043292526,38.7201339004203,1.40168366365713,0.850945336376268
"Zn","Control Pre - Preemergent Post",-0.36666666666667,0.3686043292526,38.7201339004203,-0.994743245176043,0.972495707340536
"Zn","Control Pre - Soil Inversion Post",-0.11666666666667,0.3686043292526,38.7201339004202,-0.316509214374201,0.99998136149047
"Zn","Fill Sand Pre - Preemergent Pre",0.333333333333334,0.368604329252599,38.7201339004202,0.904312041069125,0.98387442648711
"Zn","Fill Sand Pre - Soil Inversion Pre",-0.183333333333334,0.368604329252599,38.7201339004202,-0.497371622588021,0.999610462879487
"Zn","Fill Sand Pre - Control Post",-0.383333333333332,0.368604329252599,38.7201339004202,-1.03995884722949,0.965006127495444
"Zn","Fill Sand Pre - Fill Sand Post",0.449999999999999,0.357499036334686,20,1.2587446517722,0.903466019225218
"Zn","Fill Sand Pre - Preemergent Post",-0.433333333333334,0.368604329252599,38.7201339004202,-1.17560565338986,0.93407193975719
"Zn","Fill Sand Pre - Soil Inversion Post",-0.183333333333334,0.368604329252599,38.7201339004202,-0.49737162258802,0.999610462879487
"Zn","Preemergent Pre - Soil Inversion Pre",-0.516666666666668,0.368604329252599,38.7201339004202,-1.40168366365715,0.850945336376261
"Zn","Preemergent Pre - Control Post",-0.716666666666665,0.368604329252599,38.7201339004202,-1.94427088829861,0.530583293454473
"Zn","Preemergent Pre - Fill Sand Post",0.116666666666666,0.368604329252599,38.7201339004202,0.31650921437419,0.99998136149047
"Zn","Preemergent Pre - Preemergent Post",-0.766666666666668,0.357499036334686,20,-2.14452792524153,0.422191741557418
"Zn","Preemergent Pre - Soil Inversion Post",-0.516666666666668,0.368604329252599,38.7201339004202,-1.40168366365714,0.850945336376262
"Zn","Soil Inversion Pre - Control Post",-0.199999999999997,0.368604329252599,38.7201339004202,-0.542587224641467,0.999311288024917
"Zn","Soil Inversion Pre - Fill Sand Post",0.633333333333334,0.368604329252599,38.7201339004202,1.71819287803134,0.675814745735481
"Zn","Soil Inversion Pre - Preemergent Post",-0.25,0.368604329252599,38.7201339004202,-0.678234030801842,0.997134744552474
"Zn","Soil Inversion Pre - Soil Inversion Post",4.44089209850063e-16,0.357499036334685,20,1.24221092846335e-15,1
"Zn","Control Post - Fill Sand Post",0.833333333333331,0.368604329252599,38.7201339004202,2.2607801026728,0.340325274086473
"Zn","Control Post - Preemergent Post",-0.0500000000000026,0.368604329252599,38.7201339004201,-0.135646806160376,0.999999946919097
"Zn","Control Post - Soil Inversion Post",0.199999999999998,0.368604329252599,38.7201339004202,0.542587224641468,0.999311288024917
"Zn","Fill Sand Post - Preemergent Post",-0.883333333333334,0.368604329252599,38.7201339004202,-2.39642690883318,0.271671864342499
"Zn","Fill Sand Post - Soil Inversion Post",-0.633333333333333,0.368604329252599,38.7201339004202,-1.71819287803134,0.675814745735481
"Zn","Preemergent Post - Soil Inversion Post",0.25,0.368604329252599,38.7201339004201,0.678234030801844,0.997134744552474
"B","Control Pre - Fill Sand Pre",1.15648237383085e-18,0.0083333333385541,38.9743588766908,1.38777884772759e-16,1
"B","Control Pre - Preemergent Pre",1.22663479328776e-18,0.0083333333385541,38.9743588766908,1.47196175102314e-16,1
"B","Control Pre - Soil Inversion Pre",-4.24918756861231e-18,0.0083333333385541,38.9743588766907,-5.09902507914027e-16,1
"B","Control Pre - Control Post",-1.50231459873716e-18,0.00833333313494467,20.0000000000006,-1.80277756140267e-16,1
"B","Control Pre - Fill Sand Post",8.1065009241156e-19,0.0083333333385541,38.9743588766909,9.72780110284433e-17,1
"B","Control Pre - Preemergent Post",9.50954927897303e-19,0.0083333333385541,38.9743588766909,1.14114591276184e-16,1
"B","Control Pre - Soil Inversion Post",-0.0166666666666667,0.00833333333855411,38.9743588766908,-1.99999999874701,0.49488709398337
"B","Fill Sand Pre - Preemergent Pre",7.01524194569148e-20,0.00833333333855409,38.9743588766905,8.41829032955579e-18,1
"B","Fill Sand Pre - Soil Inversion Pre",-5.40566994244315e-18,0.00833333333855409,38.9743588766905,-6.48680392686786e-16,1
"B","Fill Sand Pre - Control Post",-2.65879697256801e-18,0.0083333333385541,38.974358876691,-3.19055636508275e-16,1
"B","Fill Sand Pre - Fill Sand Post",-3.45832281419288e-19,0.00833333313494464,20,-4.14998747582873e-17,1
"B","Fill Sand Pre - Preemergent Post",-2.05527445933546e-19,0.00833333333855409,38.9743588766906,-2.46632934965741e-17,1
"B","Fill Sand Pre - Soil Inversion Post",-0.0166666666666667,0.00833333333855409,38.9743588766905,-1.99999999874702,0.494887093983368
"B","Preemergent Pre - Soil Inversion Pre",-5.47582236190007e-18,0.00833333333855409,38.9743588766904,-6.57098683016342e-16,1
"B","Preemergent Pre - Control Post",-2.72894939202492e-18,0.0083333333385541,38.9743588766909,-3.27473926837831e-16,1
"B","Preemergent Pre - Fill Sand Post",-4.15984700876203e-19,0.00833333333855409,38.9743588766906,-4.99181640738711e-17,1
"B","Preemergent Pre - Preemergent Post",-2.7567986539046e-19,0.00833333313494464,20,-3.30815846344167e-17,1
"B","Preemergent Pre - Soil Inversion Post",-0.0166666666666667,0.0083333333385541,38.9743588766904,-1.99999999874702,0.494887093983369
"B","Soil Inversion Pre - Control Post",2.74687296987515e-18,0.0083333333385541,38.9743588766909,3.2962475617851e-16,1
"B","Soil Inversion Pre - Fill Sand Post",5.05983766102387e-18,0.00833333333855409,38.9743588766905,6.07180518942471e-16,1
"B","Soil Inversion Pre - Preemergent Post",5.20014249650961e-18,0.00833333333855409,38.9743588766905,6.24017099190212e-16,1
"B","Soil Inversion Pre - Soil Inversion Post",-0.0166666666666667,0.00833333313494464,20,-2.00000004761329,0.505661898165805
"B","Control Post - Fill Sand Post",2.31296469114872e-18,0.0083333333385541,38.974358876691,2.7755576276396e-16,1
"B","Control Post - Preemergent Post",2.45326952663446e-18,0.0083333333385541,38.974358876691,2.94392343011701e-16,1
"B","Control Post - Soil Inversion Post",-0.0166666666666667,0.0083333333385541,38.974358876691,-1.99999999874701,0.49488709398337
"B","Fill Sand Post - Preemergent Post",1.40304835485743e-19,0.00833333333855409,38.9743588766906,1.68365802477412e-17,1
"B","Fill Sand Post - Soil Inversion Post",-0.0166666666666667,0.00833333333855409,38.9743588766906,-1.99999999874702,0.494887093983368
"B","Preemergent Post - Soil Inversion Post",-0.0166666666666667,0.00833333333855409,38.9743588766905,-1.99999999874702,0.494887093983368
